film_id,country_id
flm0000001,ctr000001
flm0000002,ctr000001
flm0000003,ctr000001
flm0000004,ctr000001
flm0000005,ctr000001
flm0000006,ctr000001
flm0000008,ctr000001
flm0000009,ctr000001
flm0000011,ctr000001
flm0000012,ctr000001
flm0000013,ctr000001
flm0000014,ctr000001
flm0000015,ctr000001
flm0000016,ctr000001
flm0000017,ctr000001
flm0000018,ctr000001
flm0000019,ctr000001
flm0000020,ctr000001
flm0000022,ctr000001
flm0000023,ctr000001
flm0000024,ctr000001
flm0000025,ctr000001
flm0000026,ctr000001
flm0000027,ctr000001
flm0000028,ctr000001
flm0000029,ctr000001
flm0000030,ctr000001
flm0000031,ctr000001
flm0000032,ctr000001
flm0000033,ctr000001
flm0000034,ctr000001
flm0000035,ctr000001
flm0000036,ctr000001
flm0000037,ctr000001
flm0000038,ctr000001
flm0000039,ctr000001
flm0000040,ctr000001
flm0001516,ctr000001
flm0000041,ctr000001
flm0000042,ctr000001
flm0000043,ctr000001
flm0000044,ctr000001
flm0000045,ctr000001
flm0000046,ctr000001
flm0000047,ctr000001
flm0000048,ctr000001
flm0000049,ctr000001
flm0000050,ctr000001
flm0000051,ctr000001
flm0000052,ctr000001
flm0000053,ctr000001
flm0000054,ctr000001
flm0000055,ctr000001
flm0000056,ctr000001
flm0000057,ctr000001
flm0000058,ctr000001
flm0000059,ctr000001
flm0000060,ctr000001
flm0000062,ctr000001
flm0000063,ctr000001
flm0000064,ctr000001
flm0000065,ctr000001
flm0000066,ctr000001
flm0000067,ctr000001
flm0000068,ctr000001
flm0000069,ctr000001
flm0000070,ctr000001
flm0000071,ctr000001
flm0000072,ctr000001
flm0000073,ctr000001
flm0000074,ctr000001
flm0000075,ctr000001
flm0000076,ctr000001
flm0000077,ctr000001
flm0000078,ctr000001
flm0000080,ctr000001
flm0000081,ctr000001
flm0001790,ctr000001
flm0000083,ctr000001
flm0000084,ctr000001
flm0000086,ctr000001
flm0000087,ctr000001
flm0000088,ctr000001
flm0000090,ctr000001
flm0000091,ctr000001
flm0000092,ctr000001
flm0000093,ctr000001
flm0000094,ctr000001
flm0000095,ctr000001
flm0000096,ctr000001
flm0000097,ctr000001
flm0000098,ctr000001
flm0000099,ctr000001
flm0000100,ctr000001
flm0000101,ctr000001
flm0000102,ctr000001
flm0000103,ctr000001
flm0000104,ctr000001
flm0000105,ctr000001
flm0000106,ctr000001
flm0000107,ctr000001
flm0000108,ctr000001
flm0000109,ctr000001
flm0000110,ctr000001
flm0000111,ctr000001
flm0000112,ctr000001
flm0000113,ctr000001
flm0000114,ctr000001
flm0000115,ctr000001
flm0000116,ctr000001
flm0000117,ctr000001
flm0000118,ctr000001
flm0000119,ctr000001
flm0000120,ctr000001
flm0000121,ctr000001
flm0000123,ctr000001
flm0000124,ctr000001
flm0000125,ctr000001
flm0000126,ctr000001
flm0000128,ctr000001
flm0000129,ctr000001
flm0000130,ctr000001
flm0000131,ctr000001
flm0000132,ctr000001
flm0000133,ctr000001
flm0000134,ctr000001
flm0000135,ctr000001
flm0000136,ctr000001
flm0000138,ctr000001
flm0000139,ctr000001
flm0000140,ctr000001
flm0000141,ctr000001
flm0000142,ctr000001
flm0000143,ctr000001
flm0000145,ctr000001
flm0000146,ctr000001
flm0000147,ctr000001
flm0000148,ctr000001
flm0000149,ctr000001
flm0000150,ctr000001
flm0000151,ctr000001
flm0000152,ctr000001
flm0000153,ctr000001
flm0000154,ctr000001
flm0000155,ctr000001
flm0000157,ctr000001
flm0000158,ctr000001
flm0000159,ctr000001
flm0000160,ctr000001
flm0000161,ctr000001
flm0000162,ctr000001
flm0000163,ctr000001
flm0000164,ctr000001
flm0000165,ctr000001
flm0000166,ctr000001
flm0000168,ctr000001
flm0000169,ctr000001
flm0000170,ctr000001
flm0000171,ctr000001
flm0000172,ctr000001
flm0000173,ctr000001
flm0000175,ctr000001
flm0000176,ctr000001
flm0000177,ctr000001
flm0000178,ctr000001
flm0000179,ctr000001
flm0000180,ctr000001
flm0000181,ctr000001
flm0000182,ctr000001
flm0000183,ctr000001
flm0000184,ctr000001
flm0000185,ctr000001
flm0000186,ctr000001
flm0000187,ctr000001
flm0000188,ctr000001
flm0000189,ctr000001
flm0000190,ctr000001
flm0000191,ctr000001
flm0000192,ctr000001
flm0000193,ctr000001
flm0000194,ctr000001
flm0000195,ctr000001
flm0000196,ctr000001
flm0000197,ctr000001
flm0000198,ctr000001
flm0000199,ctr000001
flm0000628,ctr000001
flm0000200,ctr000001
flm0000201,ctr000001
flm0000202,ctr000001
flm0000203,ctr000001
flm0000204,ctr000001
flm0000205,ctr000001
flm0000208,ctr000001
flm0000210,ctr000001
flm0000211,ctr000001
flm0000212,ctr000001
flm0000213,ctr000001
flm0000214,ctr000001
flm0000215,ctr000001
flm0000217,ctr000001
flm0000218,ctr000001
flm0000219,ctr000001
flm0000220,ctr000001
flm0000221,ctr000001
flm0000222,ctr000001
flm0000223,ctr000001
flm0000224,ctr000001
flm0000225,ctr000001
flm0000226,ctr000001
flm0000227,ctr000001
flm0000228,ctr000001
flm0000229,ctr000001
flm0000230,ctr000001
flm0000231,ctr000001
flm0000232,ctr000001
flm0000233,ctr000001
flm0000234,ctr000001
flm0000235,ctr000001
flm0000236,ctr000001
flm0000237,ctr000001
flm0000238,ctr000001
flm0000239,ctr000001
flm0000240,ctr000001
flm0000241,ctr000001
flm0000242,ctr000001
flm0000243,ctr000001
flm0000244,ctr000001
flm0000245,ctr000001
flm0000246,ctr000001
flm0000247,ctr000001
flm0000248,ctr000001
flm0000249,ctr000001
flm0000250,ctr000001
flm0000251,ctr000001
flm0000252,ctr000001
flm0000253,ctr000001
flm0000254,ctr000001
flm0000255,ctr000001
flm0000257,ctr000001
flm0000258,ctr000001
flm0000259,ctr000001
flm0000260,ctr000001
flm0000261,ctr000001
flm0000262,ctr000001
flm0000263,ctr000001
flm0000264,ctr000001
flm0000265,ctr000001
flm0000266,ctr000001
flm0000268,ctr000001
flm0000269,ctr000001
flm0000270,ctr000001
flm0000271,ctr000001
flm0000273,ctr000001
flm0000274,ctr000001
flm0000275,ctr000001
flm0000276,ctr000001
flm0000277,ctr000001
flm0000278,ctr000001
flm0000279,ctr000001
flm0000280,ctr000001
flm0000281,ctr000001
flm0000282,ctr000001
flm0000283,ctr000001
flm0000284,ctr000001
flm0000285,ctr000001
flm0000286,ctr000001
flm0000287,ctr000001
flm0000288,ctr000001
flm0000289,ctr000001
flm0000290,ctr000001
flm0000291,ctr000001
flm0000292,ctr000001
flm0000293,ctr000001
flm0000294,ctr000001
flm0000295,ctr000001
flm0000296,ctr000001
flm0000297,ctr000001
flm0000298,ctr000001
flm0000299,ctr000001
flm0000300,ctr000001
flm0000301,ctr000001
flm0000302,ctr000001
flm0000303,ctr000001
flm0000304,ctr000001
flm0000305,ctr000001
flm0000306,ctr000001
flm0000307,ctr000001
flm0000308,ctr000001
flm0000309,ctr000001
flm0000310,ctr000001
flm0000311,ctr000001
flm0000312,ctr000001
flm0000313,ctr000001
flm0000314,ctr000001
flm0000315,ctr000001
flm0000316,ctr000001
flm0000317,ctr000001
flm0000318,ctr000001
flm0000319,ctr000001
flm0000320,ctr000001
flm0000321,ctr000001
flm0000322,ctr000001
flm0000323,ctr000001
flm0000324,ctr000001
flm0000325,ctr000001
flm0000326,ctr000001
flm0000327,ctr000001
flm0000328,ctr000001
flm0000329,ctr000001
flm0000330,ctr000001
flm0000331,ctr000001
flm0000332,ctr000001
flm0000333,ctr000001
flm0000334,ctr000001
flm0000335,ctr000001
flm0000336,ctr000001
flm0000337,ctr000001
flm0000338,ctr000001
flm0000339,ctr000001
flm0000340,ctr000001
flm0000341,ctr000001
flm0000342,ctr000001
flm0000343,ctr000001
flm0000344,ctr000001
flm0000345,ctr000001
flm0000346,ctr000001
flm0000347,ctr000001
flm0000348,ctr000001
flm0000349,ctr000001
flm0000350,ctr000001
flm0000351,ctr000001
flm0000352,ctr000001
flm0000353,ctr000001
flm0000354,ctr000001
flm0000355,ctr000001
flm0000356,ctr000001
flm0000357,ctr000001
flm0000358,ctr000001
flm0000359,ctr000001
flm0000360,ctr000001
flm0000361,ctr000001
flm0000362,ctr000001
flm0000363,ctr000001
flm0000364,ctr000001
flm0000365,ctr000001
flm0000366,ctr000001
flm0000367,ctr000001
flm0000368,ctr000001
flm0000369,ctr000001
flm0000370,ctr000001
flm0000372,ctr000001
flm0000373,ctr000001
flm0000374,ctr000001
flm0000375,ctr000001
flm0000376,ctr000001
flm0000377,ctr000001
flm0000378,ctr000001
flm0000379,ctr000001
flm0000380,ctr000001
flm0000381,ctr000001
flm0000382,ctr000001
flm0000383,ctr000001
flm0000384,ctr000001
flm0000385,ctr000001
flm0000386,ctr000001
flm0000387,ctr000001
flm0000388,ctr000001
flm0000389,ctr000001
flm0000390,ctr000001
flm0000391,ctr000001
flm0000392,ctr000001
flm0000393,ctr000001
flm0000394,ctr000001
flm0000395,ctr000001
flm0000396,ctr000001
flm0000397,ctr000001
flm0000398,ctr000001
flm0000399,ctr000001
flm0000400,ctr000001
flm0000401,ctr000001
flm0000402,ctr000001
flm0000403,ctr000001
flm0000404,ctr000001
flm0000405,ctr000001
flm0000406,ctr000001
flm0000407,ctr000001
flm0000408,ctr000001
flm0000409,ctr000001
flm0000410,ctr000001
flm0000411,ctr000001
flm0000412,ctr000001
flm0000413,ctr000001
flm0000414,ctr000001
flm0000415,ctr000001
flm0000416,ctr000001
flm0000417,ctr000001
flm0000418,ctr000001
flm0000419,ctr000001
flm0000420,ctr000001
flm0000421,ctr000001
flm0000422,ctr000001
flm0000423,ctr000001
flm0000425,ctr000001
flm0000426,ctr000001
flm0000427,ctr000001
flm0000428,ctr000001
flm0000429,ctr000001
flm0000430,ctr000001
flm0000431,ctr000001
flm0000432,ctr000001
flm0000434,ctr000001
flm0000435,ctr000001
flm0000436,ctr000001
flm0000437,ctr000001
flm0000438,ctr000001
flm0000439,ctr000001
flm0000440,ctr000001
flm0000441,ctr000001
flm0000442,ctr000001
flm0000443,ctr000001
flm0000444,ctr000001
flm0000445,ctr000001
flm0000446,ctr000001
flm0000447,ctr000001
flm0000448,ctr000001
flm0000449,ctr000001
flm0000450,ctr000001
flm0000451,ctr000001
flm0000452,ctr000001
flm0000453,ctr000001
flm0000454,ctr000001
flm0000455,ctr000001
flm0000456,ctr000001
flm0000458,ctr000001
flm0000459,ctr000001
flm0000460,ctr000001
flm0000461,ctr000001
flm0000462,ctr000001
flm0000463,ctr000001
flm0000464,ctr000001
flm0000465,ctr000001
flm0000466,ctr000001
flm0000467,ctr000001
flm0000468,ctr000001
flm0000469,ctr000001
flm0000470,ctr000001
flm0000471,ctr000001
flm0000472,ctr000001
flm0000473,ctr000001
flm0000474,ctr000001
flm0000475,ctr000001
flm0000476,ctr000001
flm0000477,ctr000001
flm0000478,ctr000001
flm0000480,ctr000001
flm0000481,ctr000001
flm0000482,ctr000001
flm0000483,ctr000001
flm0000484,ctr000001
flm0000485,ctr000001
flm0000486,ctr000001
flm0000487,ctr000001
flm0000488,ctr000001
flm0000489,ctr000001
flm0000490,ctr000001
flm0000491,ctr000001
flm0000492,ctr000001
flm0000493,ctr000001
flm0000494,ctr000001
flm0000495,ctr000001
flm0000496,ctr000001
flm0000497,ctr000001
flm0000498,ctr000001
flm0000499,ctr000001
flm0000500,ctr000001
flm0000501,ctr000001
flm0000502,ctr000001
flm0000503,ctr000001
flm0000504,ctr000001
flm0000505,ctr000001
flm0000506,ctr000001
flm0000508,ctr000001
flm0000509,ctr000001
flm0000510,ctr000001
flm0000511,ctr000001
flm0000512,ctr000001
flm0000513,ctr000001
flm0000514,ctr000001
flm0000515,ctr000001
flm0000516,ctr000001
flm0000517,ctr000001
flm0000518,ctr000001
flm0000519,ctr000001
flm0000520,ctr000001
flm0000521,ctr000001
flm0000522,ctr000001
flm0000523,ctr000001
flm0000524,ctr000001
flm0000525,ctr000001
flm0000526,ctr000001
flm0000527,ctr000001
flm0000528,ctr000001
flm0000529,ctr000001
flm0000530,ctr000001
flm0000531,ctr000001
flm0000532,ctr000001
flm0000533,ctr000001
flm0000534,ctr000001
flm0000535,ctr000001
flm0000536,ctr000001
flm0000537,ctr000001
flm0000538,ctr000001
flm0000539,ctr000001
flm0000540,ctr000001
flm0000541,ctr000001
flm0000542,ctr000001
flm0000543,ctr000001
flm0000544,ctr000001
flm0000545,ctr000001
flm0000546,ctr000001
flm0000547,ctr000001
flm0000548,ctr000001
flm0000549,ctr000001
flm0000550,ctr000001
flm0000551,ctr000001
flm0000552,ctr000001
flm0000553,ctr000001
flm0000554,ctr000001
flm0000555,ctr000001
flm0000556,ctr000001
flm0000557,ctr000001
flm0000558,ctr000001
flm0000559,ctr000001
flm0000560,ctr000001
flm0000561,ctr000001
flm0000562,ctr000001
flm0000563,ctr000001
flm0000564,ctr000001
flm0000565,ctr000001
flm0000566,ctr000001
flm0000567,ctr000001
flm0000568,ctr000001
flm0000569,ctr000001
flm0000570,ctr000001
flm0000571,ctr000001
flm0000572,ctr000001
flm0000573,ctr000001
flm0000574,ctr000001
flm0000575,ctr000001
flm0000576,ctr000001
flm0000577,ctr000001
flm0000578,ctr000001
flm0000579,ctr000001
flm0000580,ctr000001
flm0000581,ctr000001
flm0000582,ctr000001
flm0000583,ctr000001
flm0000584,ctr000001
flm0000585,ctr000001
flm0000586,ctr000001
flm0000587,ctr000001
flm0000588,ctr000001
flm0000589,ctr000001
flm0000590,ctr000001
flm0000592,ctr000001
flm0000593,ctr000001
flm0000594,ctr000001
flm0000595,ctr000001
flm0000596,ctr000001
flm0000597,ctr000001
flm0000598,ctr000001
flm0000599,ctr000001
flm0000600,ctr000001
flm0000601,ctr000001
flm0000602,ctr000001
flm0000603,ctr000001
flm0000604,ctr000001
flm0000605,ctr000001
flm0000606,ctr000001
flm0000607,ctr000001
flm0000608,ctr000001
flm0000609,ctr000001
flm0000610,ctr000001
flm0000611,ctr000001
flm0000612,ctr000001
flm0000613,ctr000001
flm0000614,ctr000001
flm0000615,ctr000001
flm0000616,ctr000001
flm0000617,ctr000001
flm0000618,ctr000001
flm0001447,ctr000001
flm0000619,ctr000001
flm0000620,ctr000001
flm0000621,ctr000001
flm0000622,ctr000001
flm0000623,ctr000001
flm0000624,ctr000001
flm0000625,ctr000001
flm0000626,ctr000001
flm0000627,ctr000001
flm0000629,ctr000001
flm0000630,ctr000001
flm0000631,ctr000001
flm0000632,ctr000001
flm0000633,ctr000001
flm0000634,ctr000001
flm0000635,ctr000001
flm0000636,ctr000001
flm0000637,ctr000001
flm0000638,ctr000001
flm0000639,ctr000001
flm0000640,ctr000001
flm0000642,ctr000001
flm0000643,ctr000001
flm0000644,ctr000001
flm0000646,ctr000001
flm0000647,ctr000001
flm0000648,ctr000001
flm0000649,ctr000001
flm0000650,ctr000001
flm0000651,ctr000001
flm0000652,ctr000001
flm0000653,ctr000001
flm0000654,ctr000001
flm0000655,ctr000001
flm0000656,ctr000001
flm0000657,ctr000001
flm0000658,ctr000001
flm0000659,ctr000001
flm0000660,ctr000001
flm0000661,ctr000001
flm0000662,ctr000001
flm0000663,ctr000001
flm0000664,ctr000001
flm0000666,ctr000001
flm0000667,ctr000001
flm0000668,ctr000001
flm0000669,ctr000001
flm0000670,ctr000001
flm0000671,ctr000001
flm0000672,ctr000001
flm0000673,ctr000001
flm0000674,ctr000001
flm0000675,ctr000001
flm0000677,ctr000001
flm0000678,ctr000001
flm0000679,ctr000001
flm0000680,ctr000001
flm0000682,ctr000001
flm0000684,ctr000001
flm0000685,ctr000001
flm0000686,ctr000001
flm0000687,ctr000001
flm0000688,ctr000001
flm0000689,ctr000001
flm0000690,ctr000001
flm0000692,ctr000001
flm0000693,ctr000001
flm0000694,ctr000001
flm0000695,ctr000001
flm0000696,ctr000001
flm0000697,ctr000001
flm0000698,ctr000001
flm0000699,ctr000001
flm0000701,ctr000001
flm0000702,ctr000001
flm0000703,ctr000001
flm0000704,ctr000001
flm0000705,ctr000001
flm0000706,ctr000001
flm0000707,ctr000001
flm0000708,ctr000001
flm0000709,ctr000001
flm0000710,ctr000001
flm0000711,ctr000001
flm0000712,ctr000001
flm0000713,ctr000001
flm0000714,ctr000001
flm0000715,ctr000001
flm0000716,ctr000001
flm0000717,ctr000001
flm0000720,ctr000001
flm0000721,ctr000001
flm0000722,ctr000001
flm0000723,ctr000001
flm0000724,ctr000001
flm0000725,ctr000001
flm0000726,ctr000001
flm0000727,ctr000001
flm0000728,ctr000001
flm0000729,ctr000001
flm0000732,ctr000001
flm0000733,ctr000001
flm0000734,ctr000001
flm0000735,ctr000001
flm0000736,ctr000001
flm0000737,ctr000001
flm0000738,ctr000001
flm0000740,ctr000001
flm0000741,ctr000001
flm0000742,ctr000001
flm0000743,ctr000001
flm0000744,ctr000001
flm0000745,ctr000001
flm0000747,ctr000001
flm0000748,ctr000001
flm0000749,ctr000001
flm0000750,ctr000001
flm0000751,ctr000001
flm0000752,ctr000001
flm0000753,ctr000001
flm0000754,ctr000001
flm0000755,ctr000001
flm0000756,ctr000001
flm0000757,ctr000001
flm0000758,ctr000001
flm0000759,ctr000001
flm0000760,ctr000001
flm0000761,ctr000001
flm0000764,ctr000001
flm0000765,ctr000001
flm0000766,ctr000001
flm0000767,ctr000001
flm0000768,ctr000001
flm0000770,ctr000001
flm0000771,ctr000001
flm0000772,ctr000001
flm0000774,ctr000001
flm0000775,ctr000001
flm0000776,ctr000001
flm0000777,ctr000001
flm0000780,ctr000001
flm0000781,ctr000001
flm0000783,ctr000001
flm0000784,ctr000001
flm0000785,ctr000001
flm0000786,ctr000001
flm0000789,ctr000001
flm0000790,ctr000001
flm0000791,ctr000001
flm0000792,ctr000001
flm0000793,ctr000001
flm0000794,ctr000001
flm0000796,ctr000001
flm0000799,ctr000001
flm0000800,ctr000001
flm0000801,ctr000001
flm0000802,ctr000001
flm0000803,ctr000001
flm0000804,ctr000001
flm0000805,ctr000001
flm0000807,ctr000001
flm0000809,ctr000001
flm0000810,ctr000001
flm0000811,ctr000001
flm0000812,ctr000001
flm0000813,ctr000001
flm0000814,ctr000001
flm0000817,ctr000001
flm0000818,ctr000001
flm0000819,ctr000001
flm0000821,ctr000001
flm0000822,ctr000001
flm0000823,ctr000001
flm0000824,ctr000001
flm0000825,ctr000001
flm0000826,ctr000001
flm0000827,ctr000001
flm0000828,ctr000001
flm0000831,ctr000001
flm0000832,ctr000001
flm0000838,ctr000001
flm0000839,ctr000001
flm0000840,ctr000001
flm0000845,ctr000001
flm0000847,ctr000001
flm0000848,ctr000001
flm0000849,ctr000001
flm0000850,ctr000001
flm0000851,ctr000001
flm0000852,ctr000001
flm0000855,ctr000001
flm0000856,ctr000001
flm0000857,ctr000001
flm0000858,ctr000001
flm0000859,ctr000001
flm0000860,ctr000001
flm0000861,ctr000001
flm0000864,ctr000001
flm0000865,ctr000001
flm0000866,ctr000001
flm0000868,ctr000001
flm0000870,ctr000001
flm0000871,ctr000001
flm0000873,ctr000001
flm0000874,ctr000001
flm0000876,ctr000001
flm0000877,ctr000001
flm0000878,ctr000001
flm0000879,ctr000001
flm0000880,ctr000001
flm0000882,ctr000001
flm0000883,ctr000001
flm0000884,ctr000001
flm0000886,ctr000001
flm0000887,ctr000001
flm0000888,ctr000001
flm0000889,ctr000001
flm0000890,ctr000001
flm0000892,ctr000001
flm0000894,ctr000001
flm0000895,ctr000001
flm0000896,ctr000001
flm0000897,ctr000001
flm0000898,ctr000001
flm0000899,ctr000001
flm0000900,ctr000001
flm0000901,ctr000001
flm0000903,ctr000001
flm0000904,ctr000001
flm0000906,ctr000001
flm0000907,ctr000001
flm0000908,ctr000001
flm0000909,ctr000001
flm0000910,ctr000001
flm0000911,ctr000001
flm0000913,ctr000001
flm0000914,ctr000001
flm0000915,ctr000001
flm0000916,ctr000001
flm0000917,ctr000001
flm0000918,ctr000001
flm0000919,ctr000001
flm0000920,ctr000001
flm0000922,ctr000001
flm0000923,ctr000001
flm0000924,ctr000001
flm0000925,ctr000001
flm0000926,ctr000001
flm0000927,ctr000001
flm0000928,ctr000001
flm0000929,ctr000001
flm0000930,ctr000001
flm0000931,ctr000001
flm0000932,ctr000001
flm0000933,ctr000001
flm0000934,ctr000001
flm0000935,ctr000001
flm0000936,ctr000001
flm0000937,ctr000001
flm0000938,ctr000001
flm0000939,ctr000001
flm0000940,ctr000001
flm0000941,ctr000001
flm0000942,ctr000001
flm0000943,ctr000001
flm0000944,ctr000001
flm0000945,ctr000001
flm0000946,ctr000001
flm0000947,ctr000001
flm0000948,ctr000001
flm0000949,ctr000001
flm0000950,ctr000001
flm0000952,ctr000001
flm0000953,ctr000001
flm0000954,ctr000001
flm0000955,ctr000001
flm0000956,ctr000001
flm0000957,ctr000001
flm0000958,ctr000001
flm0000959,ctr000001
flm0000960,ctr000001
flm0000961,ctr000001
flm0000962,ctr000001
flm0000963,ctr000001
flm0000964,ctr000001
flm0000965,ctr000001
flm0000966,ctr000001
flm0000968,ctr000001
flm0000970,ctr000001
flm0000971,ctr000001
flm0000972,ctr000001
flm0000973,ctr000001
flm0000974,ctr000001
flm0000975,ctr000001
flm0000977,ctr000001
flm0000978,ctr000001
flm0000979,ctr000001
flm0000980,ctr000001
flm0000982,ctr000001
flm0000984,ctr000001
flm0000985,ctr000001
flm0000986,ctr000001
flm0000989,ctr000001
flm0000990,ctr000001
flm0000991,ctr000001
flm0000993,ctr000001
flm0000994,ctr000001
flm0000995,ctr000001
flm0000996,ctr000001
flm0000997,ctr000001
flm0000999,ctr000001
flm0001000,ctr000001
flm0001001,ctr000001
flm0001003,ctr000001
flm0001004,ctr000001
flm0001005,ctr000001
flm0001007,ctr000001
flm0001008,ctr000001
flm0001009,ctr000001
flm0001012,ctr000001
flm0001013,ctr000001
flm0001014,ctr000001
flm0001015,ctr000001
flm0001016,ctr000001
flm0001017,ctr000001
flm0001019,ctr000001
flm0001021,ctr000001
flm0001022,ctr000001
flm0001023,ctr000001
flm0001024,ctr000001
flm0001026,ctr000001
flm0001027,ctr000001
flm0001028,ctr000001
flm0001030,ctr000001
flm0001032,ctr000001
flm0001033,ctr000001
flm0001034,ctr000001
flm0001039,ctr000001
flm0001041,ctr000001
flm0001042,ctr000001
flm0001043,ctr000001
flm0001044,ctr000001
flm0001045,ctr000001
flm0001046,ctr000001
flm0001048,ctr000001
flm0001477,ctr000001
flm0001049,ctr000001
flm0001051,ctr000001
flm0001052,ctr000001
flm0001053,ctr000001
flm0001054,ctr000001
flm0001055,ctr000001
flm0001056,ctr000001
flm0001057,ctr000001
flm0001060,ctr000001
flm0001061,ctr000001
flm0001062,ctr000001
flm0001063,ctr000001
flm0001064,ctr000001
flm0001065,ctr000001
flm0001066,ctr000001
flm0001067,ctr000001
flm0001068,ctr000001
flm0001070,ctr000001
flm0001072,ctr000001
flm0001073,ctr000001
flm0001074,ctr000001
flm0001076,ctr000001
flm0001077,ctr000001
flm0001080,ctr000001
flm0001081,ctr000001
flm0001083,ctr000001
flm0001084,ctr000001
flm0001085,ctr000001
flm0001086,ctr000001
flm0001087,ctr000001
flm0001088,ctr000001
flm0001089,ctr000001
flm0001090,ctr000001
flm0001092,ctr000001
flm0001093,ctr000001
flm0001095,ctr000001
flm0001096,ctr000001
flm0001098,ctr000001
flm0001099,ctr000001
flm0001100,ctr000001
flm0001101,ctr000001
flm0001103,ctr000001
flm0001104,ctr000001
flm0001105,ctr000001
flm0001106,ctr000001
flm0001108,ctr000001
flm0001109,ctr000001
flm0001110,ctr000001
flm0001111,ctr000001
flm0001112,ctr000001
flm0001113,ctr000001
flm0001114,ctr000001
flm0001115,ctr000001
flm0001116,ctr000001
flm0001117,ctr000001
flm0001118,ctr000001
flm0001120,ctr000001
flm0001121,ctr000001
flm0001122,ctr000001
flm0001123,ctr000001
flm0001125,ctr000001
flm0001126,ctr000001
flm0001127,ctr000001
flm0001130,ctr000001
flm0001131,ctr000001
flm0001132,ctr000001
flm0001133,ctr000001
flm0001134,ctr000001
flm0001136,ctr000001
flm0001137,ctr000001
flm0001138,ctr000001
flm0001139,ctr000001
flm0001140,ctr000001
flm0001141,ctr000001
flm0001142,ctr000001
flm0001144,ctr000001
flm0001145,ctr000001
flm0001146,ctr000001
flm0001150,ctr000001
flm0001151,ctr000001
flm0001152,ctr000001
flm0001153,ctr000001
flm0001154,ctr000001
flm0001155,ctr000001
flm0001156,ctr000001
flm0001157,ctr000001
flm0001158,ctr000001
flm0001159,ctr000001
flm0001160,ctr000001
flm0001162,ctr000001
flm0001163,ctr000001
flm0001164,ctr000001
flm0001166,ctr000001
flm0001167,ctr000001
flm0001168,ctr000001
flm0001169,ctr000001
flm0001170,ctr000001
flm0001171,ctr000001
flm0001173,ctr000001
flm0001174,ctr000001
flm0001175,ctr000001
flm0001176,ctr000001
flm0001177,ctr000001
flm0001178,ctr000001
flm0001180,ctr000001
flm0001181,ctr000001
flm0001182,ctr000001
flm0001183,ctr000001
flm0001184,ctr000001
flm0001185,ctr000001
flm0001186,ctr000001
flm0001187,ctr000001
flm0001189,ctr000001
flm0001191,ctr000001
flm0001192,ctr000001
flm0001193,ctr000001
flm0001194,ctr000001
flm0001196,ctr000001
flm0001197,ctr000001
flm0001198,ctr000001
flm0001199,ctr000001
flm0001200,ctr000001
flm0001202,ctr000001
flm0001203,ctr000001
flm0001206,ctr000001
flm0001207,ctr000001
flm0001208,ctr000001
flm0001209,ctr000001
flm0001211,ctr000001
flm0001212,ctr000001
flm0001213,ctr000001
flm0001214,ctr000001
flm0001215,ctr000001
flm0001217,ctr000001
flm0001218,ctr000001
flm0001219,ctr000001
flm0001220,ctr000001
flm0001221,ctr000001
flm0001222,ctr000001
flm0001223,ctr000001
flm0001224,ctr000001
flm0001225,ctr000001
flm0001226,ctr000001
flm0001227,ctr000001
flm0001229,ctr000001
flm0001230,ctr000001
flm0001231,ctr000001
flm0001232,ctr000001
flm0001233,ctr000001
flm0001234,ctr000001
flm0001236,ctr000001
flm0001237,ctr000001
flm0001238,ctr000001
flm0001240,ctr000001
flm0001241,ctr000001
flm0001242,ctr000001
flm0001244,ctr000001
flm0001245,ctr000001
flm0001246,ctr000001
flm0001247,ctr000001
flm0001248,ctr000001
flm0001249,ctr000001
flm0001250,ctr000001
flm0001251,ctr000001
flm0001253,ctr000001
flm0001254,ctr000001
flm0001255,ctr000001
flm0001257,ctr000001
flm0001258,ctr000001
flm0001259,ctr000001
flm0001261,ctr000001
flm0001262,ctr000001
flm0001263,ctr000001
flm0001264,ctr000001
flm0001265,ctr000001
flm0001266,ctr000001
flm0001268,ctr000001
flm0001269,ctr000001
flm0001270,ctr000001
flm0001271,ctr000001
flm0001272,ctr000001
flm0001273,ctr000001
flm0001276,ctr000001
flm0001277,ctr000001
flm0001278,ctr000001
flm0001279,ctr000001
flm0001280,ctr000001
flm0001281,ctr000001
flm0001283,ctr000001
flm0001285,ctr000001
flm0001286,ctr000001
flm0001287,ctr000001
flm0001289,ctr000001
flm0001290,ctr000001
flm0001291,ctr000001
flm0001292,ctr000001
flm0001293,ctr000001
flm0001294,ctr000001
flm0001295,ctr000001
flm0001296,ctr000001
flm0001297,ctr000001
flm0001298,ctr000001
flm0001299,ctr000001
flm0001300,ctr000001
flm0001301,ctr000001
flm0001302,ctr000001
flm0001303,ctr000001
flm0001304,ctr000001
flm0001305,ctr000001
flm0001307,ctr000001
flm0001308,ctr000001
flm0001309,ctr000001
flm0001310,ctr000001
flm0001314,ctr000001
flm0001315,ctr000001
flm0001316,ctr000001
flm0001317,ctr000001
flm0001318,ctr000001
flm0001320,ctr000001
flm0001321,ctr000001
flm0001322,ctr000001
flm0001323,ctr000001
flm0001324,ctr000001
flm0001325,ctr000001
flm0001328,ctr000001
flm0001329,ctr000001
flm0001331,ctr000001
flm0001332,ctr000001
flm0001333,ctr000001
flm0001334,ctr000001
flm0001335,ctr000001
flm0001336,ctr000001
flm0001337,ctr000001
flm0001339,ctr000001
flm0001340,ctr000001
flm0001341,ctr000001
flm0001342,ctr000001
flm0001343,ctr000001
flm0001344,ctr000001
flm0001345,ctr000001
flm0001346,ctr000001
flm0001347,ctr000001
flm0001349,ctr000001
flm0001350,ctr000001
flm0001352,ctr000001
flm0001353,ctr000001
flm0001354,ctr000001
flm0001355,ctr000001
flm0001357,ctr000001
flm0001358,ctr000001
flm0001359,ctr000001
flm0001360,ctr000001
flm0001361,ctr000001
flm0001362,ctr000001
flm0001363,ctr000001
flm0001364,ctr000001
flm0001365,ctr000001
flm0001366,ctr000001
flm0001367,ctr000001
flm0001368,ctr000001
flm0001369,ctr000001
flm0001370,ctr000001
flm0001371,ctr000001
flm0001372,ctr000001
flm0001373,ctr000001
flm0001374,ctr000001
flm0001375,ctr000001
flm0001376,ctr000001
flm0001377,ctr000001
flm0001378,ctr000001
flm0001379,ctr000001
flm0001380,ctr000001
flm0001382,ctr000001
flm0001383,ctr000001
flm0001384,ctr000001
flm0001385,ctr000001
flm0001387,ctr000001
flm0001388,ctr000001
flm0001389,ctr000001
flm0001390,ctr000001
flm0001391,ctr000001
flm0001392,ctr000001
flm0001393,ctr000001
flm0001394,ctr000001
flm0001395,ctr000001
flm0001396,ctr000001
flm0001398,ctr000001
flm0001400,ctr000001
flm0001401,ctr000001
flm0001402,ctr000001
flm0001403,ctr000001
flm0001404,ctr000001
flm0001405,ctr000001
flm0001406,ctr000001
flm0001407,ctr000001
flm0001408,ctr000001
flm0001409,ctr000001
flm0001410,ctr000001
flm0001411,ctr000001
flm0001412,ctr000001
flm0001413,ctr000001
flm0001414,ctr000001
flm0001415,ctr000001
flm0001416,ctr000001
flm0001417,ctr000001
flm0001418,ctr000001
flm0001420,ctr000001
flm0001421,ctr000001
flm0001422,ctr000001
flm0001424,ctr000001
flm0001425,ctr000001
flm0001427,ctr000001
flm0001658,ctr000001
flm0001428,ctr000001
flm0001429,ctr000001
flm0001430,ctr000001
flm0001431,ctr000001
flm0001432,ctr000001
flm0001433,ctr000001
flm0001434,ctr000001
flm0001435,ctr000001
flm0001436,ctr000001
flm0001437,ctr000001
flm0001438,ctr000001
flm0001440,ctr000001
flm0001441,ctr000001
flm0001442,ctr000001
flm0001443,ctr000001
flm0001444,ctr000001
flm0001445,ctr000001
flm0001446,ctr000001
flm0001448,ctr000001
flm0001449,ctr000001
flm0001450,ctr000001
flm0001451,ctr000001
flm0001452,ctr000001
flm0001453,ctr000001
flm0001454,ctr000001
flm0001455,ctr000001
flm0001456,ctr000001
flm0001457,ctr000001
flm0001458,ctr000001
flm0001459,ctr000001
flm0001460,ctr000001
flm0001461,ctr000001
flm0001462,ctr000001
flm0001463,ctr000001
flm0001464,ctr000001
flm0001465,ctr000001
flm0001466,ctr000001
flm0001467,ctr000001
flm0001468,ctr000001
flm0001470,ctr000001
flm0001471,ctr000001
flm0001472,ctr000001
flm0001473,ctr000001
flm0001474,ctr000001
flm0001475,ctr000001
flm0001476,ctr000001
flm0001478,ctr000001
flm0001479,ctr000001
flm0001480,ctr000001
flm0001481,ctr000001
flm0001482,ctr000001
flm0001483,ctr000001
flm0001484,ctr000001
flm0001485,ctr000001
flm0001486,ctr000001
flm0001487,ctr000001
flm0001488,ctr000001
flm0001489,ctr000001
flm0001490,ctr000001
flm0001491,ctr000001
flm0001492,ctr000001
flm0001493,ctr000001
flm0001494,ctr000001
flm0001495,ctr000001
flm0001496,ctr000001
flm0001497,ctr000001
flm0001498,ctr000001
flm0001499,ctr000001
flm0001500,ctr000001
flm0001501,ctr000001
flm0001502,ctr000001
flm0001503,ctr000001
flm0001504,ctr000001
flm0001505,ctr000001
flm0001506,ctr000001
flm0001507,ctr000001
flm0001508,ctr000001
flm0001509,ctr000001
flm0001511,ctr000001
flm0001512,ctr000001
flm0001513,ctr000001
flm0001514,ctr000001
flm0001517,ctr000001
flm0001519,ctr000001
flm0001520,ctr000001
flm0001521,ctr000001
flm0001522,ctr000001
flm0001523,ctr000001
flm0001524,ctr000001
flm0001525,ctr000001
flm0001526,ctr000001
flm0001527,ctr000001
flm0001528,ctr000001
flm0001529,ctr000001
flm0001530,ctr000001
flm0001531,ctr000001
flm0001532,ctr000001
flm0001533,ctr000001
flm0001534,ctr000001
flm0001535,ctr000001
flm0001537,ctr000001
flm0001538,ctr000001
flm0001539,ctr000001
flm0001540,ctr000001
flm0001542,ctr000001
flm0001543,ctr000001
flm0001544,ctr000001
flm0001546,ctr000001
flm0001547,ctr000001
flm0001548,ctr000001
flm0001550,ctr000001
flm0001551,ctr000001
flm0001552,ctr000001
flm0001553,ctr000001
flm0001554,ctr000001
flm0001555,ctr000001
flm0001556,ctr000001
flm0001557,ctr000001
flm0001558,ctr000001
flm0001559,ctr000001
flm0001560,ctr000001
flm0001561,ctr000001
flm0001564,ctr000001
flm0001565,ctr000001
flm0001566,ctr000001
flm0001568,ctr000001
flm0001569,ctr000001
flm0001571,ctr000001
flm0001572,ctr000001
flm0001573,ctr000001
flm0001574,ctr000001
flm0001575,ctr000001
flm0001576,ctr000001
flm0001577,ctr000001
flm0001578,ctr000001
flm0001579,ctr000001
flm0001580,ctr000001
flm0001581,ctr000001
flm0001582,ctr000001
flm0001583,ctr000001
flm0001584,ctr000001
flm0001585,ctr000001
flm0001587,ctr000001
flm0001589,ctr000001
flm0001590,ctr000001
flm0001592,ctr000001
flm0001593,ctr000001
flm0001594,ctr000001
flm0001595,ctr000001
flm0001596,ctr000001
flm0001598,ctr000001
flm0001599,ctr000001
flm0001600,ctr000001
flm0001601,ctr000001
flm0001602,ctr000001
flm0001603,ctr000001
flm0001604,ctr000001
flm0001605,ctr000001
flm0001606,ctr000001
flm0001607,ctr000001
flm0001608,ctr000001
flm0001609,ctr000001
flm0001610,ctr000001
flm0001611,ctr000001
flm0001612,ctr000001
flm0001613,ctr000001
flm0001614,ctr000001
flm0001615,ctr000001
flm0001617,ctr000001
flm0001618,ctr000001
flm0001619,ctr000001
flm0001621,ctr000001
flm0001622,ctr000001
flm0001623,ctr000001
flm0001624,ctr000001
flm0001625,ctr000001
flm0001626,ctr000001
flm0001627,ctr000001
flm0001628,ctr000001
flm0001629,ctr000001
flm0001630,ctr000001
flm0001631,ctr000001
flm0001632,ctr000001
flm0001633,ctr000001
flm0001634,ctr000001
flm0001635,ctr000001
flm0002331,ctr000001
flm0001636,ctr000001
flm0001637,ctr000001
flm0001638,ctr000001
flm0001639,ctr000001
flm0001640,ctr000001
flm0001641,ctr000001
flm0001642,ctr000001
flm0001643,ctr000001
flm0001644,ctr000001
flm0001645,ctr000001
flm0001646,ctr000001
flm0001647,ctr000001
flm0001648,ctr000001
flm0001649,ctr000001
flm0001651,ctr000001
flm0001652,ctr000001
flm0001653,ctr000001
flm0001654,ctr000001
flm0001655,ctr000001
flm0001656,ctr000001
flm0001657,ctr000001
flm0001659,ctr000001
flm0001660,ctr000001
flm0001661,ctr000001
flm0001662,ctr000001
flm0001663,ctr000001
flm0001664,ctr000001
flm0001665,ctr000001
flm0001666,ctr000001
flm0001667,ctr000001
flm0001669,ctr000001
flm0001670,ctr000001
flm0001671,ctr000001
flm0001672,ctr000001
flm0001673,ctr000001
flm0001675,ctr000001
flm0001676,ctr000001
flm0001677,ctr000001
flm0001678,ctr000001
flm0001679,ctr000001
flm0001680,ctr000001
flm0001681,ctr000001
flm0001682,ctr000001
flm0001683,ctr000001
flm0001684,ctr000001
flm0001685,ctr000001
flm0001686,ctr000001
flm0001688,ctr000001
flm0001689,ctr000001
flm0001690,ctr000001
flm0001691,ctr000001
flm0002207,ctr000001
flm0001693,ctr000001
flm0001694,ctr000001
flm0001695,ctr000001
flm0001698,ctr000001
flm0001699,ctr000001
flm0001700,ctr000001
flm0001701,ctr000001
flm0001702,ctr000001
flm0001703,ctr000001
flm0001704,ctr000001
flm0001705,ctr000001
flm0001706,ctr000001
flm0001707,ctr000001
flm0001708,ctr000001
flm0001709,ctr000001
flm0001710,ctr000001
flm0001711,ctr000001
flm0001713,ctr000001
flm0001714,ctr000001
flm0001716,ctr000001
flm0001717,ctr000001
flm0001718,ctr000001
flm0001719,ctr000001
flm0001720,ctr000001
flm0001721,ctr000001
flm0001722,ctr000001
flm0001723,ctr000001
flm0001724,ctr000001
flm0001725,ctr000001
flm0001726,ctr000001
flm0001727,ctr000001
flm0001728,ctr000001
flm0001729,ctr000001
flm0001730,ctr000001
flm0001731,ctr000001
flm0001732,ctr000001
flm0001733,ctr000001
flm0001734,ctr000001
flm0001735,ctr000001
flm0001736,ctr000001
flm0001737,ctr000001
flm0001738,ctr000001
flm0001739,ctr000001
flm0001740,ctr000001
flm0001742,ctr000001
flm0001744,ctr000001
flm0001745,ctr000001
flm0001746,ctr000001
flm0001747,ctr000001
flm0001749,ctr000001
flm0001750,ctr000001
flm0001751,ctr000001
flm0001752,ctr000001
flm0001753,ctr000001
flm0001754,ctr000001
flm0001755,ctr000001
flm0001756,ctr000001
flm0001757,ctr000001
flm0001758,ctr000001
flm0001759,ctr000001
flm0001760,ctr000001
flm0001761,ctr000001
flm0001763,ctr000001
flm0001764,ctr000001
flm0001765,ctr000001
flm0001766,ctr000001
flm0001767,ctr000001
flm0001768,ctr000001
flm0001770,ctr000001
flm0001771,ctr000001
flm0001772,ctr000001
flm0001773,ctr000001
flm0001774,ctr000001
flm0001775,ctr000001
flm0001777,ctr000001
flm0001778,ctr000001
flm0001779,ctr000001
flm0001780,ctr000001
flm0001782,ctr000001
flm0001783,ctr000001
flm0001784,ctr000001
flm0001785,ctr000001
flm0001786,ctr000001
flm0001787,ctr000001
flm0001788,ctr000001
flm0001789,ctr000001
flm0001792,ctr000001
flm0001793,ctr000001
flm0001794,ctr000001
flm0001795,ctr000001
flm0001796,ctr000001
flm0001797,ctr000001
flm0001798,ctr000001
flm0001799,ctr000001
flm0001800,ctr000001
flm0001801,ctr000001
flm0001802,ctr000001
flm0001803,ctr000001
flm0001804,ctr000001
flm0001805,ctr000001
flm0001806,ctr000001
flm0001807,ctr000001
flm0001809,ctr000001
flm0001810,ctr000001
flm0001811,ctr000001
flm0001812,ctr000001
flm0001813,ctr000001
flm0001814,ctr000001
flm0001815,ctr000001
flm0001816,ctr000001
flm0001817,ctr000001
flm0001818,ctr000001
flm0001819,ctr000001
flm0001820,ctr000001
flm0001821,ctr000001
flm0001822,ctr000001
flm0001823,ctr000001
flm0001824,ctr000001
flm0001825,ctr000001
flm0001827,ctr000001
flm0001828,ctr000001
flm0001829,ctr000001
flm0001830,ctr000001
flm0001831,ctr000001
flm0001833,ctr000001
flm0001834,ctr000001
flm0001835,ctr000001
flm0001836,ctr000001
flm0001837,ctr000001
flm0001838,ctr000001
flm0001839,ctr000001
flm0001841,ctr000001
flm0001842,ctr000001
flm0001843,ctr000001
flm0001844,ctr000001
flm0001846,ctr000001
flm0001847,ctr000001
flm0001848,ctr000001
flm0001849,ctr000001
flm0001850,ctr000001
flm0001851,ctr000001
flm0001852,ctr000001
flm0001853,ctr000001
flm0001855,ctr000001
flm0001856,ctr000001
flm0001857,ctr000001
flm0001858,ctr000001
flm0001860,ctr000001
flm0001861,ctr000001
flm0001862,ctr000001
flm0001863,ctr000001
flm0001864,ctr000001
flm0001865,ctr000001
flm0001866,ctr000001
flm0001867,ctr000001
flm0001868,ctr000001
flm0001869,ctr000001
flm0001871,ctr000001
flm0001872,ctr000001
flm0001873,ctr000001
flm0001874,ctr000001
flm0001875,ctr000001
flm0001876,ctr000001
flm0001877,ctr000001
flm0001878,ctr000001
flm0001879,ctr000001
flm0001880,ctr000001
flm0001881,ctr000001
flm0001882,ctr000001
flm0001883,ctr000001
flm0001884,ctr000001
flm0001885,ctr000001
flm0001887,ctr000001
flm0001888,ctr000001
flm0001889,ctr000001
flm0001890,ctr000001
flm0001891,ctr000001
flm0001892,ctr000001
flm0001893,ctr000001
flm0001894,ctr000001
flm0001895,ctr000001
flm0001896,ctr000001
flm0001897,ctr000001
flm0001898,ctr000001
flm0001899,ctr000001
flm0001901,ctr000001
flm0001902,ctr000001
flm0001903,ctr000001
flm0001904,ctr000001
flm0001905,ctr000001
flm0001906,ctr000001
flm0001907,ctr000001
flm0001908,ctr000001
flm0001909,ctr000001
flm0001910,ctr000001
flm0001911,ctr000001
flm0001912,ctr000001
flm0001913,ctr000001
flm0001914,ctr000001
flm0001916,ctr000001
flm0001917,ctr000001
flm0001918,ctr000001
flm0001921,ctr000001
flm0001922,ctr000001
flm0001923,ctr000001
flm0001924,ctr000001
flm0001926,ctr000001
flm0001927,ctr000001
flm0001928,ctr000001
flm0001929,ctr000001
flm0001930,ctr000001
flm0001932,ctr000001
flm0001933,ctr000001
flm0001934,ctr000001
flm0001935,ctr000001
flm0001937,ctr000001
flm0001938,ctr000001
flm0001939,ctr000001
flm0001940,ctr000001
flm0001941,ctr000001
flm0001942,ctr000001
flm0001943,ctr000001
flm0001945,ctr000001
flm0001946,ctr000001
flm0001947,ctr000001
flm0001948,ctr000001
flm0001949,ctr000001
flm0001950,ctr000001
flm0001951,ctr000001
flm0001952,ctr000001
flm0001955,ctr000001
flm0001956,ctr000001
flm0001957,ctr000001
flm0001958,ctr000001
flm0001959,ctr000001
flm0001960,ctr000001
flm0001961,ctr000001
flm0001962,ctr000001
flm0001964,ctr000001
flm0001965,ctr000001
flm0001966,ctr000001
flm0001967,ctr000001
flm0001968,ctr000001
flm0001969,ctr000001
flm0001970,ctr000001
flm0001971,ctr000001
flm0001973,ctr000001
flm0001974,ctr000001
flm0001975,ctr000001
flm0001976,ctr000001
flm0001977,ctr000001
flm0001978,ctr000001
flm0001980,ctr000001
flm0001981,ctr000001
flm0001982,ctr000001
flm0001983,ctr000001
flm0001984,ctr000001
flm0001985,ctr000001
flm0001986,ctr000001
flm0001987,ctr000001
flm0001988,ctr000001
flm0001989,ctr000001
flm0001990,ctr000001
flm0001991,ctr000001
flm0001993,ctr000001
flm0001994,ctr000001
flm0001996,ctr000001
flm0001997,ctr000001
flm0001998,ctr000001
flm0001999,ctr000001
flm0002000,ctr000001
flm0002001,ctr000001
flm0002002,ctr000001
flm0002003,ctr000001
flm0002004,ctr000001
flm0002005,ctr000001
flm0002006,ctr000001
flm0002008,ctr000001
flm0002009,ctr000001
flm0002011,ctr000001
flm0002012,ctr000001
flm0002013,ctr000001
flm0002014,ctr000001
flm0002015,ctr000001
flm0002016,ctr000001
flm0002017,ctr000001
flm0002018,ctr000001
flm0002019,ctr000001
flm0002020,ctr000001
flm0002021,ctr000001
flm0002029,ctr000001
flm0002031,ctr000001
flm0002032,ctr000001
flm0002033,ctr000001
flm0002035,ctr000001
flm0002036,ctr000001
flm0002037,ctr000001
flm0002038,ctr000001
flm0002039,ctr000001
flm0002040,ctr000001
flm0002041,ctr000001
flm0002042,ctr000001
flm0002043,ctr000001
flm0002044,ctr000001
flm0002045,ctr000001
flm0002046,ctr000001
flm0002047,ctr000001
flm0002048,ctr000001
flm0002049,ctr000001
flm0002051,ctr000001
flm0002052,ctr000001
flm0002053,ctr000001
flm0002054,ctr000001
flm0002055,ctr000001
flm0002056,ctr000001
flm0002057,ctr000001
flm0002058,ctr000001
flm0002060,ctr000001
flm0002061,ctr000001
flm0002062,ctr000001
flm0002063,ctr000001
flm0002064,ctr000001
flm0002065,ctr000001
flm0002066,ctr000001
flm0002067,ctr000001
flm0002068,ctr000001
flm0002069,ctr000001
flm0002070,ctr000001
flm0002071,ctr000001
flm0002072,ctr000001
flm0002073,ctr000001
flm0002076,ctr000001
flm0002077,ctr000001
flm0002078,ctr000001
flm0002079,ctr000001
flm0002080,ctr000001
flm0002081,ctr000001
flm0002082,ctr000001
flm0002083,ctr000001
flm0002085,ctr000001
flm0002090,ctr000001
flm0002091,ctr000001
flm0002092,ctr000001
flm0002093,ctr000001
flm0002094,ctr000001
flm0002095,ctr000001
flm0002096,ctr000001
flm0002097,ctr000001
flm0002098,ctr000001
flm0002099,ctr000001
flm0002100,ctr000001
flm0002101,ctr000001
flm0002103,ctr000001
flm0002104,ctr000001
flm0002105,ctr000001
flm0002106,ctr000001
flm0002107,ctr000001
flm0002108,ctr000001
flm0002109,ctr000001
flm0002110,ctr000001
flm0002111,ctr000001
flm0002112,ctr000001
flm0002115,ctr000001
flm0002117,ctr000001
flm0002120,ctr000001
flm0002121,ctr000001
flm0002122,ctr000001
flm0002123,ctr000001
flm0002124,ctr000001
flm0002125,ctr000001
flm0002126,ctr000001
flm0002127,ctr000001
flm0002128,ctr000001
flm0002129,ctr000001
flm0002130,ctr000001
flm0002131,ctr000001
flm0002132,ctr000001
flm0002133,ctr000001
flm0002134,ctr000001
flm0002135,ctr000001
flm0002136,ctr000001
flm0002137,ctr000001
flm0002138,ctr000001
flm0002139,ctr000001
flm0002140,ctr000001
flm0002141,ctr000001
flm0002142,ctr000001
flm0002143,ctr000001
flm0002144,ctr000001
flm0002145,ctr000001
flm0002146,ctr000001
flm0002147,ctr000001
flm0002148,ctr000001
flm0002149,ctr000001
flm0002151,ctr000001
flm0002152,ctr000001
flm0002153,ctr000001
flm0002154,ctr000001
flm0002156,ctr000001
flm0002157,ctr000001
flm0002158,ctr000001
flm0002159,ctr000001
flm0002160,ctr000001
flm0002162,ctr000001
flm0002163,ctr000001
flm0002164,ctr000001
flm0002165,ctr000001
flm0002166,ctr000001
flm0002170,ctr000001
flm0002173,ctr000001
flm0002174,ctr000001
flm0002175,ctr000001
flm0002176,ctr000001
flm0002177,ctr000001
flm0002178,ctr000001
flm0002179,ctr000001
flm0002180,ctr000001
flm0002181,ctr000001
flm0002182,ctr000001
flm0002183,ctr000001
flm0002184,ctr000001
flm0002185,ctr000001
flm0002187,ctr000001
flm0002188,ctr000001
flm0002189,ctr000001
flm0002190,ctr000001
flm0002191,ctr000001
flm0002192,ctr000001
flm0002193,ctr000001
flm0002194,ctr000001
flm0002195,ctr000001
flm0002196,ctr000001
flm0002197,ctr000001
flm0002198,ctr000001
flm0002199,ctr000001
flm0002200,ctr000001
flm0002201,ctr000001
flm0002202,ctr000001
flm0002204,ctr000001
flm0002205,ctr000001
flm0002206,ctr000001
flm0002212,ctr000001
flm0002213,ctr000001
flm0002214,ctr000001
flm0002215,ctr000001
flm0002216,ctr000001
flm0002217,ctr000001
flm0002218,ctr000001
flm0002219,ctr000001
flm0002220,ctr000001
flm0002221,ctr000001
flm0002222,ctr000001
flm0002223,ctr000001
flm0002225,ctr000001
flm0002226,ctr000001
flm0002227,ctr000001
flm0002228,ctr000001
flm0002229,ctr000001
flm0002230,ctr000001
flm0002231,ctr000001
flm0002232,ctr000001
flm0002233,ctr000001
flm0002234,ctr000001
flm0002235,ctr000001
flm0002236,ctr000001
flm0002237,ctr000001
flm0002238,ctr000001
flm0002239,ctr000001
flm0002240,ctr000001
flm0002242,ctr000001
flm0002243,ctr000001
flm0002244,ctr000001
flm0002245,ctr000001
flm0002246,ctr000001
flm0002247,ctr000001
flm0002248,ctr000001
flm0002249,ctr000001
flm0002250,ctr000001
flm0002251,ctr000001
flm0002252,ctr000001
flm0002253,ctr000001
flm0002254,ctr000001
flm0002255,ctr000001
flm0002256,ctr000001
flm0002257,ctr000001
flm0002258,ctr000001
flm0002259,ctr000001
flm0002261,ctr000001
flm0002262,ctr000001
flm0002264,ctr000001
flm0002265,ctr000001
flm0002266,ctr000001
flm0002267,ctr000001
flm0002268,ctr000001
flm0002269,ctr000001
flm0002270,ctr000001
flm0002271,ctr000001
flm0002272,ctr000001
flm0002274,ctr000001
flm0002275,ctr000001
flm0002277,ctr000001
flm0002278,ctr000001
flm0002280,ctr000001
flm0002281,ctr000001
flm0002282,ctr000001
flm0002283,ctr000001
flm0002284,ctr000001
flm0002285,ctr000001
flm0002286,ctr000001
flm0002287,ctr000001
flm0002288,ctr000001
flm0002289,ctr000001
flm0002290,ctr000001
flm0002291,ctr000001
flm0002292,ctr000001
flm0002293,ctr000001
flm0002295,ctr000001
flm0002296,ctr000001
flm0002297,ctr000001
flm0002298,ctr000001
flm0002301,ctr000001
flm0002302,ctr000001
flm0002303,ctr000001
flm0002304,ctr000001
flm0002305,ctr000001
flm0002306,ctr000001
flm0002307,ctr000001
flm0002308,ctr000001
flm0002309,ctr000001
flm0002310,ctr000001
flm0002311,ctr000001
flm0002312,ctr000001
flm0002313,ctr000001
flm0002314,ctr000001
flm0002315,ctr000001
flm0002316,ctr000001
flm0002317,ctr000001
flm0002320,ctr000001
flm0002321,ctr000001
flm0002322,ctr000001
flm0002323,ctr000001
flm0002324,ctr000001
flm0002325,ctr000001
flm0002326,ctr000001
flm0002327,ctr000001
flm0002328,ctr000001
flm0002333,ctr000001
flm0002334,ctr000001
flm0002335,ctr000001
flm0002337,ctr000001
flm0002338,ctr000001
flm0002339,ctr000001
flm0002340,ctr000001
flm0002341,ctr000001
flm0002344,ctr000001
flm0002345,ctr000001
flm0002346,ctr000001
flm0002348,ctr000001
flm0002349,ctr000001
flm0002350,ctr000001
flm0002351,ctr000001
flm0002352,ctr000001
flm0002353,ctr000001
flm0002354,ctr000001
flm0002355,ctr000001
flm0002356,ctr000001
flm0002357,ctr000001
flm0002358,ctr000001
flm0002359,ctr000001
flm0002393,ctr000001
flm0002361,ctr000001
flm0002362,ctr000001
flm0002363,ctr000001
flm0002364,ctr000001
flm0002367,ctr000001
flm0002368,ctr000001
flm0002369,ctr000001
flm0002370,ctr000001
flm0002371,ctr000001
flm0002372,ctr000001
flm0002374,ctr000001
flm0002375,ctr000001
flm0002376,ctr000001
flm0002377,ctr000001
flm0002378,ctr000001
flm0002379,ctr000001
flm0002380,ctr000001
flm0002381,ctr000001
flm0002382,ctr000001
flm0002383,ctr000001
flm0002384,ctr000001
flm0002385,ctr000001
flm0002386,ctr000001
flm0002387,ctr000001
flm0002388,ctr000001
flm0002389,ctr000001
flm0002390,ctr000001
flm0002391,ctr000001
flm0002392,ctr000001
flm0002395,ctr000001
flm0002396,ctr000001
flm0002397,ctr000001
flm0002398,ctr000001
flm0002399,ctr000001
flm0002400,ctr000001
flm0002401,ctr000001
flm0002402,ctr000001
flm0002403,ctr000001
flm0002404,ctr000001
flm0002405,ctr000001
flm0002406,ctr000001
flm0002407,ctr000001
flm0002408,ctr000001
flm0002409,ctr000001
flm0002410,ctr000001
flm0002411,ctr000001
flm0002412,ctr000001
flm0002413,ctr000001
flm0002414,ctr000001
flm0002415,ctr000001
flm0002416,ctr000001
flm0002417,ctr000001
flm0002419,ctr000001
flm0002420,ctr000001
flm0002421,ctr000001
flm0002422,ctr000001
flm0002423,ctr000001
flm0002424,ctr000001
flm0002425,ctr000001
flm0002426,ctr000001
flm0002427,ctr000001
flm0002430,ctr000001
flm0002431,ctr000001
flm0002432,ctr000001
flm0002433,ctr000001
flm0002434,ctr000001
flm0002436,ctr000001
flm0002437,ctr000001
flm0002438,ctr000001
flm0002439,ctr000001
flm0002440,ctr000001
flm0002441,ctr000001
flm0002442,ctr000001
flm0002443,ctr000001
flm0002445,ctr000001
flm0002446,ctr000001
flm0002447,ctr000001
flm0002448,ctr000001
flm0002449,ctr000001
flm0002450,ctr000001
flm0002451,ctr000001
flm0002452,ctr000001
flm0002453,ctr000001
flm0002454,ctr000001
flm0002457,ctr000001
flm0002458,ctr000001
flm0002459,ctr000001
flm0002461,ctr000001
flm0002462,ctr000001
flm0002463,ctr000001
flm0002464,ctr000001
flm0002465,ctr000001
flm0002466,ctr000001
flm0002467,ctr000001
flm0002468,ctr000001
flm0002469,ctr000001
flm0002470,ctr000001
flm0002471,ctr000001
flm0002472,ctr000001
flm0002473,ctr000001
flm0002474,ctr000001
flm0002475,ctr000001
flm0002476,ctr000001
flm0002477,ctr000001
flm0002481,ctr000001
flm0002482,ctr000001
flm0002483,ctr000001
flm0002484,ctr000001
flm0002485,ctr000001
flm0002486,ctr000001
flm0002487,ctr000001
flm0002488,ctr000001
flm0002489,ctr000001
flm0002490,ctr000001
flm0002491,ctr000001
flm0002492,ctr000001
flm0002493,ctr000001
flm0002494,ctr000001
flm0002495,ctr000001
flm0002496,ctr000001
flm0002497,ctr000001
flm0002498,ctr000001
flm0002499,ctr000001
flm0002500,ctr000001
flm0002501,ctr000001
flm0002506,ctr000001
flm0002507,ctr000001
flm0002508,ctr000001
flm0002509,ctr000001
flm0002512,ctr000001
flm0002513,ctr000001
flm0002516,ctr000001
flm0002517,ctr000001
flm0002518,ctr000001
flm0002519,ctr000001
flm0002520,ctr000001
flm0002521,ctr000001
flm0002522,ctr000001
flm0002523,ctr000001
flm0002524,ctr000001
flm0002525,ctr000001
flm0002526,ctr000001
flm0002527,ctr000001
flm0002528,ctr000001
flm0002529,ctr000001
flm0002530,ctr000001
flm0002531,ctr000001
flm0002533,ctr000001
flm0002534,ctr000001
flm0002535,ctr000001
flm0002536,ctr000001
flm0002537,ctr000001
flm0002538,ctr000001
flm0002539,ctr000001
flm0002540,ctr000001
flm0002541,ctr000001
flm0002542,ctr000001
flm0002543,ctr000001
flm0002544,ctr000001
flm0002545,ctr000001
flm0002546,ctr000001
flm0002547,ctr000001
flm0002548,ctr000001
flm0002549,ctr000001
flm0002550,ctr000001
flm0002551,ctr000001
flm0002552,ctr000001
flm0002553,ctr000001
flm0002554,ctr000001
flm0002555,ctr000001
flm0002556,ctr000001
flm0002557,ctr000001
flm0002558,ctr000001
flm0002559,ctr000001
flm0002560,ctr000001
flm0002562,ctr000001
flm0002563,ctr000001
flm0002564,ctr000001
flm0002565,ctr000001
flm0002566,ctr000001
flm0002567,ctr000001
flm0002568,ctr000001
flm0002569,ctr000001
flm0002570,ctr000001
flm0002571,ctr000001
flm0002572,ctr000001
flm0002573,ctr000001
flm0002574,ctr000001
flm0002575,ctr000001
flm0002576,ctr000001
flm0002577,ctr000001
flm0002578,ctr000001
flm0002579,ctr000001
flm0002580,ctr000001
flm0002581,ctr000001
flm0002583,ctr000001
flm0002584,ctr000001
flm0002586,ctr000001
flm0002587,ctr000001
flm0002588,ctr000001
flm0002589,ctr000001
flm0002590,ctr000001
flm0002591,ctr000001
flm0002592,ctr000001
flm0002593,ctr000001
flm0002594,ctr000001
flm0002595,ctr000001
flm0002596,ctr000001
flm0002597,ctr000001
flm0002598,ctr000001
flm0002599,ctr000001
flm0002600,ctr000001
flm0002601,ctr000001
flm0002602,ctr000001
flm0002603,ctr000001
flm0002608,ctr000001
flm0002609,ctr000001
flm0002610,ctr000001
flm0002611,ctr000001
flm0002612,ctr000001
flm0002614,ctr000001
flm0002615,ctr000001
flm0002616,ctr000001
flm0002617,ctr000001
flm0002618,ctr000001
flm0002619,ctr000001
flm0002620,ctr000001
flm0002621,ctr000001
flm0002622,ctr000001
flm0002623,ctr000001
flm0002624,ctr000001
flm0002625,ctr000001
flm0002626,ctr000001
flm0000007,ctr000002
flm0000010,ctr000002
flm0000021,ctr000002
flm0000061,ctr000002
flm0000082,ctr000002
flm0000085,ctr000002
flm0000089,ctr000002
flm0000127,ctr000002
flm0000137,ctr000002
flm0000144,ctr000002
flm0000167,ctr000002
flm0000174,ctr000002
flm0000206,ctr000002
flm0000207,ctr000002
flm0000209,ctr000002
flm0000216,ctr000002
flm0000256,ctr000002
flm0000267,ctr000002
flm0000842,ctr000002
flm0001059,ctr000002
flm0001069,ctr000002
flm0001075,ctr000002
flm0001078,ctr000002
flm0001188,ctr000002
flm0001284,ctr000002
flm0001306,ctr000002
flm0001330,ctr000002
flm0001338,ctr000002
flm0001399,ctr000002
flm0001545,ctr000002
flm0001563,ctr000002
flm0002332,ctr000002
flm0001696,ctr000002
flm0001697,ctr000002
flm0001712,ctr000002
flm0001741,ctr000002
flm0001995,ctr000002
flm0002084,ctr000002
flm0002086,ctr000002
flm0002102,ctr000002
flm0002155,ctr000002
flm0002161,ctr000002
flm0002279,ctr000002
flm0002318,ctr000002
flm0002330,ctr000002
flm0002394,ctr000002
flm0002418,ctr000002
flm0002429,ctr000002
flm0000010,ctr000003
flm0000122,ctr000003
flm0000156,ctr000003
flm0000209,ctr000003
flm0000256,ctr000003
flm0000433,ctr000003
flm0000969,ctr000003
flm0001148,ctr000003
flm0001275,ctr000003
flm0001399,ctr000003
flm0001972,ctr000003
flm0000079,ctr000004
flm0000457,ctr000004
flm0000951,ctr000004
flm0000967,ctr000004
flm0000981,ctr000004
flm0001006,ctr000004
flm0001020,ctr000004
flm0001031,ctr000004
flm0001035,ctr000004
flm0001038,ctr000004
flm0001047,ctr000004
flm0001064,ctr000004
flm0001161,ctr000004
flm0001256,ctr000004
flm0001260,ctr000004
flm0001305,ctr000004
flm0001319,ctr000004
flm0001332,ctr000004
flm0001334,ctr000004
flm0001386,ctr000004
flm0001515,ctr000004
flm0001840,ctr000004
flm0001915,ctr000004
flm0001953,ctr000004
flm0002059,ctr000004
flm0002167,ctr000004
flm0002168,ctr000004
flm0002169,ctr000004
flm0002263,ctr000004
flm0002365,ctr000004
flm0000164,ctr000005
flm0000272,ctr000005
flm0000817,ctr000005
flm0001299,ctr000005
flm0002561,ctr000005
flm0000349,ctr000006
flm0001040,ctr000006
flm0001195,ctr000006
flm0001423,ctr000006
flm0001668,ctr000006
flm0001834,ctr000006
flm0002010,ctr000006
flm0002199,ctr000006
flm0002319,ctr000006
flm0000371,ctr000007
flm0000665,ctr000007
flm0000676,ctr000007
flm0000681,ctr000007
flm0000683,ctr000007
flm0000691,ctr000007
flm0000700,ctr000007
flm0000718,ctr000007
flm0000797,ctr000007
flm0000730,ctr000007
flm0000731,ctr000007
flm0000746,ctr000007
flm0000762,ctr000007
flm0000763,ctr000007
flm0000769,ctr000007
flm0000773,ctr000007
flm0000778,ctr000007
flm0000779,ctr000007
flm0000782,ctr000007
flm0000788,ctr000007
flm0000795,ctr000007
flm0000798,ctr000007
flm0000806,ctr000007
flm0000815,ctr000007
flm0000816,ctr000007
flm0000820,ctr000007
flm0000830,ctr000007
flm0000834,ctr000007
flm0000835,ctr000007
flm0000836,ctr000007
flm0000837,ctr000007
flm0000843,ctr000007
flm0000844,ctr000007
flm0000853,ctr000007
flm0000854,ctr000007
flm0000862,ctr000007
flm0000863,ctr000007
flm0000867,ctr000007
flm0000869,ctr000007
flm0000875,ctr000007
flm0000881,ctr000007
flm0000885,ctr000007
flm0000893,ctr000007
flm0001235,ctr000007
flm0002186,ctr000007
flm0002435,ctr000007
flm0000419,ctr000008
flm0001165,ctr000008
flm0001267,ctr000008
flm0001311,ctr000008
flm0001562,ctr000008
flm0001846,ctr000008
flm0001881,ctr000008
flm0001899,ctr000008
flm0000424,ctr000009
flm0000591,ctr000009
flm0000691,ctr000009
flm0000833,ctr000009
flm0000841,ctr000009
flm0000905,ctr000009
flm0000934,ctr000009
flm0001018,ctr000009
flm0001025,ctr000009
flm0001071,ctr000009
flm0001079,ctr000009
flm0001097,ctr000009
flm0001124,ctr000009
flm0001147,ctr000009
flm0001327,ctr000009
flm0001397,ctr000009
flm0001567,ctr000009
flm0001570,ctr000009
flm0001586,ctr000009
flm0001650,ctr000009
flm0001692,ctr000009
flm0001715,ctr000009
flm0001900,ctr000009
flm0001919,ctr000009
flm0001920,ctr000009
flm0001944,ctr000009
flm0002007,ctr000009
flm0002034,ctr000009
flm0002050,ctr000009
flm0002074,ctr000009
flm0002075,ctr000009
flm0002208,ctr000009
flm0002209,ctr000009
flm0002210,ctr000009
flm0002211,ctr000009
flm0002241,ctr000009
flm0002299,ctr000009
flm0002336,ctr000009
flm0002428,ctr000009
flm0000479,ctr000010
flm0000691,ctr000010
flm0000902,ctr000010
flm0000976,ctr000010
flm0000998,ctr000010
flm0001002,ctr000010
flm0001050,ctr000010
flm0001149,ctr000010
flm0001252,ctr000010
flm0001439,ctr000010
flm0001597,ctr000010
flm0001674,ctr000010
flm0001687,ctr000010
flm0001791,ctr000010
flm0001826,ctr000010
flm0001980,ctr000010
flm0002150,ctr000010
flm0002263,ctr000010
flm0002276,ctr000010
flm0002294,ctr000010
flm0002300,ctr000010
flm0002347,ctr000010
flm0002502,ctr000010
flm0002503,ctr000010
flm0002504,ctr000010
flm0002505,ctr000010
flm0002510,ctr000010
flm0002511,ctr000010
flm0002514,ctr000010
flm0002515,ctr000010
flm0002585,ctr000010
flm0000507,ctr000011
flm0000641,ctr000011
flm0000645,ctr000011
flm0000719,ctr000011
flm0000739,ctr000011
flm0000787,ctr000011
flm0000718,ctr000011
flm0000797,ctr000011
flm0000853,ctr000011
flm0000854,ctr000011
flm0000872,ctr000011
flm0000881,ctr000011
flm0000987,ctr000011
flm0000998,ctr000011
flm0001002,ctr000011
flm0001036,ctr000011
flm0001058,ctr000011
flm0001082,ctr000011
flm0001148,ctr000011
flm0001210,ctr000011
flm0001228,ctr000011
flm0001326,ctr000011
flm0001469,ctr000011
flm0001597,ctr000011
flm0001687,ctr000011
flm0001769,ctr000011
flm0001776,ctr000011
flm0001781,ctr000011
flm0001791,ctr000011
flm0001854,ctr000011
flm0001870,ctr000011
flm0001886,ctr000011
flm0002150,ctr000011
flm0002503,ctr000011
flm0002504,ctr000011
flm0002510,ctr000011
flm0002511,ctr000011
flm0000609,ctr000012
flm0000829,ctr000012
flm0000912,ctr000012
flm0001010,ctr000012
flm0001094,ctr000012
flm0001119,ctr000012
flm0001128,ctr000012
flm0001129,ctr000012
flm0001135,ctr000012
flm0001201,ctr000012
flm0001274,ctr000012
flm0001351,ctr000012
flm0001510,ctr000012
flm0001808,ctr000012
flm0002087,ctr000012
flm0002088,ctr000012
flm0002089,ctr000012
flm0002172,ctr000012
flm0002273,ctr000012
flm0002478,ctr000012
flm0002479,ctr000012
flm0002532,ctr000012
flm0000676,ctr000013
flm0000782,ctr000013
flm0000881,ctr000013
flm0000893,ctr000013
flm0000988,ctr000013
flm0001031,ctr000013
flm0001091,ctr000013
flm0001172,ctr000013
flm0001313,ctr000013
flm0001558,ctr000013
flm0001620,ctr000013
flm0001743,ctr000013
flm0001748,ctr000013
flm0001845,ctr000013
flm0001925,ctr000013
flm0001963,ctr000013
flm0001979,ctr000013
flm0002224,ctr000013
flm0002263,ctr000013
flm0002444,ctr000013
flm0002455,ctr000013
flm0002460,ctr000013
flm0000721,ctr000014
flm0001534,ctr000014
flm0001795,ctr000014
flm0000808,ctr000015
flm0001239,ctr000015
flm0002022,ctr000015
flm0002023,ctr000015
flm0002024,ctr000015
flm0002025,ctr000015
flm0002026,ctr000015
flm0002027,ctr000015
flm0002028,ctr000015
flm0002030,ctr000015
flm0002171,ctr000015
flm0002203,ctr000015
flm0001011,ctr000016
flm0001029,ctr000016
flm0001037,ctr000016
flm0001044,ctr000016
flm0001056,ctr000016
flm0001143,ctr000016
flm0001152,ctr000016
flm0001204,ctr000016
flm0001205,ctr000016
flm0001207,ctr000016
flm0001282,ctr000016
flm0001419,ctr000016
flm0001536,ctr000016
flm0001541,ctr000016
flm0001683,ctr000016
flm0001859,ctr000016
flm0001954,ctr000016
flm0002034,ctr000016
flm0002035,ctr000016
flm0002113,ctr000016
flm0002114,ctr000016
flm0002116,ctr000016
flm0002118,ctr000016
flm0002119,ctr000016
flm0002480,ctr000016
flm0001190,ctr000017
flm0002329,ctr000017
flm0002343,ctr000017
flm0001243,ctr000018
flm0001426,ctr000019
flm0001541,ctr000020
flm0001992,ctr000021
flm0002260,ctr000022
flm0002373,ctr000022
flm0002342,ctr000023
flm0002582,ctr000023
flm0002582,ctr000024
flm0000740,ctr000025
flm0000846,ctr000025
flm0000891,ctr000025
flm0000914,ctr000025
flm0000921,ctr000025
flm0000983,ctr000025
flm0000992,ctr000025
flm0001102,ctr000025
flm0001107,ctr000025
flm0001172,ctr000025
flm0001179,ctr000025
flm0001216,ctr000025
flm0001288,ctr000025
flm0001312,ctr000025
flm0001348,ctr000025
flm0001356,ctr000025
flm0001381,ctr000025
flm0001518,ctr000025
flm0001549,ctr000025
flm0001588,ctr000025
flm0001591,ctr000025
flm0001616,ctr000025
flm0001762,ctr000025
flm0001931,ctr000025
flm0001936,ctr000025
flm0001963,ctr000025
flm0002360,ctr000025
flm0002366,ctr000025
flm0002456,ctr000025
flm0002604,ctr000025
flm0002605,ctr000025
flm0002606,ctr000025
flm0002607,ctr000025
flm0002613,ctr000025
